GWAS_File,Lead_SNP,CS_Size,Top_PIP_SNPs
lead10_level2_energy.glm.linear,rs11153730,3,rs9387540 (1.000); rs62431217 (0.648)
lead10_level2_energy.glm.linear,rs2234962,5,rs2917928 (1.000); rs10749324 (1.000); rs4751742 (1.000); rs7075684 (0.999); rs12569630 (1.000)
lead10_level2_energy.glm.linear,rs55770006,3,rs9387540 (1.000); rs62431217 (0.648)
lead10_level3_energy.glm.linear,rs11153730,4,rs3734382 (1.000); rs117998291 (1.000); rs34911654 (1.000); rs10872168 (1.000)
lead10_level3_energy.glm.linear,rs12210810,4,rs3734382 (1.000); rs117998291 (1.000); rs34911654 (1.000); rs10872168 (1.000)
lead10_level3_energy.glm.linear,rs306206,0,rs1107179 (0.893)
lead10_level3_energy.glm.linear,rs499906,2,rs9304167 (1.000); rs323295 (1.000)
lead10_level3_energy.glm.linear,rs7342028,3,Affx-2533062 (0.454); rs7342028 (0.421); rs34050148 (0.087)
lead10_level4_energy.glm.linear,rs11970286,3,rs4373391 (1.000); rs9387540 (1.000); rs11153717 (1.000)
lead10_level4_energy.glm.linear,rs2926743,2,rs2950390 (1.000); rs2958154 (1.000)
lead10_level4_energy.glm.linear,rs306206,4,rs11633181 (0.998); rs1107179 (1.000); rs306206 (0.884)
lead10_level4_energy.glm.linear,rs6480726,5,rs7069584 (1.000); rs2270548 (1.000); rs35601073 (0.997); rs7093532 (1.000); rs6480741 (0.996)
lead10_level4_energy.glm.linear,rs7166231,1,rs7166231 (1.000)
lead10_level4_energy.glm.linear,rs950169,3,rs4842939 (1.000); rs11633181 (1.000); rs1107179 (1.000)
lead10_level5_energy.glm.linear,rs11857366,3,rs11857366 (1.000); rs907808 (1.000); rs8041224 (1.000); rs870306 (0.801)
lead10_level5_energy.glm.linear,rs17410855,4,rs3014242 (1.000); rs1250 (1.000); rs6666763 (1.000); rs1622208 (1.000)
lead10_level5_energy.glm.linear,rs2926743,2,rs2950390 (1.000); rs2958154 (1.000)
lead10_level5_energy.glm.linear,rs58416181,3,rs4842939 (1.000); rs11633181 (1.000); rs1107179 (1.000)
lead10_level5_energy.glm.linear,rs6784842,1,rs7429135 (0.997); rs12639437 (0.609)
lead10_level6_approx_energy.glm.linear,Affx-52364873,5,rs6599238 (1.000); rs6599240 (0.967); rs6801957 (0.760); rs9830687 (0.551); Affx-52364873 (0.993)
lead10_level6_approx_energy.glm.linear,rs116015634,4,rs658806 (1.000); rs4660456 (1.000); rs823673 (0.832)
lead10_level6_approx_energy.glm.linear,rs116544863,1,rs116544863 (0.999)
lead10_level6_approx_energy.glm.linear,rs12454640,1,rs7226648 (0.741); rs12454640 (1.000)
lead10_level6_approx_energy.glm.linear,rs12923640,0,rs12923640 (0.142); rs7201421 (0.108); rs6498186 (0.077)
lead10_level6_approx_energy.glm.linear,rs679200,3,rs33973564 (1.000); rs612711 (1.000); rs640996 (1.000)
lead10_level6_approx_energy.glm.linear,rs6801957,5,rs6599238 (1.000); rs6599240 (0.972); rs6801957 (0.760); rs9830687 (0.583); Affx-52364873 (0.993)
lead10_level6_approx_energy.glm.linear,rs728926,2,rs728926 (1.000); rs1570745 (1.000)
lead10_level6_energy.glm.linear,Affx-52364873,3,rs6599238 (0.999); rs6599240 (0.911); Affx-52364873 (0.958)
lead10_level6_energy.glm.linear,rs58416181,4,rs1107179 (0.981)
lead10_level6_energy.glm.linear,rs6784842,2,rs7429135 (1.000); rs12639437 (1.000)
lead10_level6_energy.glm.linear,rs6801957,5,rs6599238 (1.000); rs6599240 (0.965); rs6801957 (0.506); Affx-52364873 (0.973)
lead11_level2_energy.glm.linear,rs11153730,3,rs9387540 (1.000); rs62431217 (0.594)
lead11_level2_energy.glm.linear,rs762624,5,rs9470361 (0.715); rs4713996 (1.000); Affx-28561763 (1.000); rs2395655 (1.000)
lead11_level3_energy.glm.linear,rs11633181,5,rs4842918 (0.903); rs12904682 (0.977); rs4842939 (1.000); rs11633181 (1.000); rs1107179 (0.999)
lead11_level3_energy.glm.linear,rs11970286,3,rs4373391 (1.000); rs9387540 (0.999); rs11153717 (1.000)
lead11_level3_energy.glm.linear,rs17362588,5,rs7585334 (1.000); rs2291310 (1.000); rs7604033 (1.000); rs2291311 (1.000); rs2291312 (1.000)
lead11_level3_energy.glm.linear,rs762624,5,rs9470361 (0.558); rs4713996 (1.000); Affx-28561763 (1.000); rs2395655 (1.000)
lead11_level4_energy.glm.linear,rs11633181,3,rs4842939 (1.000); rs11633181 (1.000); rs1107179 (1.000)
lead11_level4_energy.glm.linear,rs2926743,2,rs2950390 (1.000); rs2958154 (1.000)
lead11_level4_energy.glm.linear,rs6784842,3,rs6784842 (0.563)
lead11_level4_energy.glm.linear,rs79146658,5,rs7585334 (1.000); rs2291310 (1.000); rs7604033 (1.000); rs2291311 (1.000); rs2291312 (1.000)
lead11_level5_energy.glm.linear,rs145281025,4,rs114948848 (0.999); rs145281025 (1.000); DPB1_401 (1.000); rs3130216 (1.000)
lead11_level5_energy.glm.linear,rs17367504,4,rs4846054 (1.000); rs198375 (0.999); rs34593006 (0.973); rs9661078 (0.987)
lead11_level5_energy.glm.linear,rs2926743,2,rs2950390 (1.000); rs2958154 (1.000)
lead11_level5_energy.glm.linear,rs58416181,3,rs4842939 (1.000); rs11633181 (1.000); rs1107179 (1.000)
lead11_level5_energy.glm.linear,rs62027818,2,rs4842918 (0.562); rs4842939 (1.000); rs11633181 (1.000)
lead11_level5_energy.glm.linear,rs6784842,3,rs6784842 (0.600)
lead11_level5_energy.glm.linear,rs9274569,4,rs114948848 (1.000); rs78825896 (0.995); rs145281025 (1.000); DPB1_401 (1.000)
lead11_level6_approx_energy.glm.linear,Affx-52364873,2,rs6599238 (1.000); Affx-52364873 (1.000)
lead11_level6_approx_energy.glm.linear,rs11067246,2,rs11067246 (1.000); rs6489973 (1.000)
lead11_level6_approx_energy.glm.linear,rs116015634,4,rs658806 (1.000); rs12073537 (1.000); rs4660456 (1.000); rs823673 (1.000)
lead11_level6_approx_energy.glm.linear,rs116544863,2,rs116544863 (0.881)
lead11_level6_approx_energy.glm.linear,rs6762208,0,rs7429135 (0.820)
lead11_level6_approx_energy.glm.linear,rs728926,4,rs4883948 (1.000); rs2274086 (1.000); rs728926 (1.000); rs1570745 (1.000)
lead11_level6_energy.glm.linear,Affx-13934985,3,rs199442 (1.000); rs199536 (1.000); rs199530 (1.000)
lead11_level6_energy.glm.linear,Affx-52364873,2,rs6599238 (1.000); Affx-52364873 (0.993)
lead11_level6_energy.glm.linear,rs10054375,4,rs816040 (1.000); rs2434375 (1.000); rs10054375 (0.722)
lead11_level6_energy.glm.linear,rs11067246,4,rs11067246 (1.000); rs6489973 (1.000); rs1896312 (1.000); rs10850409 (1.000)
lead11_level6_energy.glm.linear,rs17831429,3,rs12764660 (0.560); rs10885030 (0.980); rs10749053 (0.999); rs17831429 (0.993)
lead11_level6_energy.glm.linear,rs1883085,5,rs7585334 (1.000); rs2291310 (1.000); rs7604033 (1.000); rs2291311 (1.000); rs2291312 (1.000)
lead11_level6_energy.glm.linear,rs3096690,4,rs114948848 (1.000); rs10484561 (0.999); rs78825896 (0.999); rs145281025 (1.000)
lead11_level6_energy.glm.linear,rs3132450,0,rs644045 (0.005); rs2596473 (0.004); B_3901 (0.004)
lead11_level6_energy.glm.linear,rs58416181,5,rs17300406 (1.000); rs4842939 (1.000); rs11633181 (1.000); rs2879971 (1.000); rs1107179 (0.998)
lead11_level6_energy.glm.linear,rs6784842,3,rs7429135 (0.949); rs61587156 (1.000); rs7647305 (1.000)
lead12_level2_energy.glm.linear,rs11153730,3,rs9387540 (1.000); rs62431217 (0.802)
lead12_level2_energy.glm.linear,rs4842994,1,rs1107179 (0.940)
lead12_level2_energy.glm.linear,rs762624,4,rs9470361 (0.967); rs4713996 (1.000); Affx-28561763 (1.000); rs2395655 (1.000)
lead12_level3_energy.glm.linear,rs11153730,4,rs9387540 (1.000); rs62431214 (0.949); rs62431217 (0.719)
lead12_level3_energy.glm.linear,rs306206,2,rs11633181 (0.992); rs1107179 (1.000)
lead12_level3_energy.glm.linear,rs62027818,3,rs4842918 (0.911); rs4842939 (1.000); rs11633181 (1.000)
lead12_level3_energy.glm.linear,rs762624,5,rs9470361 (0.836); rs4713996 (1.000); Affx-28561763 (1.000); rs2395655 (1.000)
lead12_level4_energy.glm.linear,rs11633181,3,rs4842939 (1.000); rs11633181 (1.000); rs1107179 (0.991)
lead12_level4_energy.glm.linear,rs2926743,2,rs2950390 (1.000); rs2958154 (1.000)
lead12_level4_energy.glm.linear,rs762624,5,rs9470361 (0.640); rs4713996 (1.000); Affx-28561763 (1.000); rs2395655 (1.000)
lead12_level5_energy.glm.linear,Affx-13925660,2,Affx-13925506 (1.000); Affx-92043049 (1.000)
lead12_level5_energy.glm.linear,rs10850409,3,rs11067246 (1.000); rs1896312 (1.000); rs10850409 (1.000)
lead12_level5_energy.glm.linear,rs11067246,3,rs11067246 (1.000); rs1896312 (1.000); rs10850409 (1.000)
lead12_level5_energy.glm.linear,rs11784192,3,rs10505438 (1.000); rs11784192 (0.805)
lead12_level5_energy.glm.linear,rs11857366,3,rs11857366 (1.000); rs907808 (1.000); rs8041224 (1.000)
lead12_level5_energy.glm.linear,rs13061708,0,rs13076191 (0.174); rs12152485 (0.168); rs12696549 (0.159)
lead12_level5_energy.glm.linear,rs17367504,2,rs4846054 (1.000); rs198375 (0.995)
lead12_level5_energy.glm.linear,rs17831429,2,rs10749053 (0.997); rs17831429 (0.999)
lead12_level5_energy.glm.linear,rs1883085,4,rs7585334 (1.000); rs2291310 (1.000); rs7604033 (1.000); rs2291312 (1.000)
lead12_level5_energy.glm.linear,rs199529,5,rs199448 (1.000); rs199442 (1.000); rs199536 (1.000); rs199533 (1.000); rs199530 (1.000)
lead12_level5_energy.glm.linear,rs2696624,2,rs199442 (1.000); rs199536 (1.000)
lead12_level5_energy.glm.linear,rs35516100,3,rs4842939 (1.000); rs11633181 (1.000); rs1107179 (1.000)
lead12_level5_energy.glm.linear,rs62027818,2,rs4842918 (0.745); rs4842939 (1.000); rs11633181 (1.000)
lead12_level6_approx_energy.glm.linear,Affx-52364873,2,rs6599238 (1.000); Affx-52364873 (0.998)
lead12_level6_approx_energy.glm.linear,rs11067246,4,rs11067246 (1.000); rs6489973 (1.000); rs1896312 (1.000); rs10850409 (1.000)
lead12_level6_approx_energy.glm.linear,rs116015634,1,rs116015634 (1.000)
lead12_level6_approx_energy.glm.linear,rs116544863,6,rs116544863 (0.881); rs17037804 (0.977)
lead12_level6_approx_energy.glm.linear,rs6762208,0,rs7429135 (0.266); rs12696549 (0.161); rs6762208 (0.150)
lead12_level6_approx_energy.glm.linear,rs728926,4,rs4883948 (1.000); rs2274086 (1.000); rs728926 (1.000); rs1570745 (1.000)
lead12_level6_energy.glm.linear,Affx-13925660,2,Affx-13925506 (1.000); Affx-92043049 (1.000)
lead12_level6_energy.glm.linear,rs10850409,3,rs11067246 (1.000); rs1896312 (1.000); rs10850409 (1.000)
lead12_level6_energy.glm.linear,rs11067246,3,rs11067246 (1.000); rs1896312 (1.000); rs10850409 (1.000)
lead12_level6_energy.glm.linear,rs11784192,3,rs10505438 (1.000); rs11784192 (0.732)
lead12_level6_energy.glm.linear,rs17367504,1,rs4846054 (0.957)
lead12_level6_energy.glm.linear,rs17831429,4,rs12764660 (0.937); rs10885030 (0.999); rs7069694 (0.819); rs10749053 (0.999); rs17831429 (0.996)
lead12_level6_energy.glm.linear,rs1883085,4,rs7585334 (1.000); rs2291310 (1.000); rs7604033 (1.000); rs2291312 (1.000)
lead12_level6_energy.glm.linear,rs199529,5,rs199448 (1.000); rs199442 (1.000); rs199536 (1.000); rs199533 (1.000); rs199530 (1.000)
lead12_level6_energy.glm.linear,rs2696624,2,rs199442 (1.000); rs199536 (1.000)
lead12_level6_energy.glm.linear,rs35516100,4,rs17300406 (1.000); rs4842939 (1.000); rs11633181 (1.000); rs2879971 (1.000)
lead12_level6_energy.glm.linear,rs4984806,5,rs17807841 (1.000); rs4984806 (1.000); rs78931180 (1.000); rs4984836 (1.000); rs35583599 (1.000)
lead12_level6_energy.glm.linear,rs6784842,0,rs7647305 (0.371); rs61587156 (0.371); rs7429135 (0.298)
lead12_level6_energy.glm.linear,rs7028995,5,rs12002810 (1.000); rs116529814 (0.999); rs7028995 (0.823)
lead12_level6_energy.glm.linear,rs77188861,1,rs77188861 (0.984)
lead12_level6_energy.glm.linear,rs77961995,3,rs255318 (0.997); rs77961995 (0.864)
lead1_level3_energy.glm.linear,rs10054375,4,rs112084781 (1.000); rs2544880 (1.000); rs1421813 (1.000); rs1974777 (1.000)
lead1_level3_energy.glm.linear,rs11067246,3,rs11067246 (0.999); rs1896312 (1.000); rs10850409 (1.000)
lead1_level3_energy.glm.linear,rs1324007,1,rs9526222 (0.905)
lead1_level3_energy.glm.linear,rs13386459,5,rs12617155 (1.000); rs7564856 (1.000); rs13386459 (1.000); rs1983210 (1.000); rs3183099 (0.965)
lead1_level3_energy.glm.linear,rs2958149,2,rs2950390 (1.000); rs2958154 (1.000)
lead1_level3_energy.glm.linear,rs306206,1,rs1107179 (0.989)
lead1_level3_energy.glm.linear,rs34160967,2,rs6693391 (1.000); rs35375392 (1.000)
lead1_level3_energy.glm.linear,rs4713996,4,rs9470361 (0.991); rs4713996 (1.000); Affx-28561763 (1.000); rs2395655 (1.000)
lead1_level3_energy.glm.linear,rs55824920,3,rs171248 (1.000); rs183574 (1.000); rs149738 (1.000)
lead1_level3_energy.glm.linear,rs950169,3,rs4842939 (1.000); rs11633181 (1.000); rs1107179 (1.000); rs11637728 (0.671)
lead1_level4_energy.glm.linear,Affx-2533062,0,Affx-2533062 (0.370); rs7342028 (0.252); rs34050148 (0.175)
lead1_level4_energy.glm.linear,rs10054375,2,rs10054375 (0.756); rs4958377 (0.645)
lead1_level4_energy.glm.linear,rs10850409,3,rs11067246 (1.000); rs1896312 (1.000); rs10850409 (1.000)
lead1_level4_energy.glm.linear,rs11067246,3,rs11067246 (1.000); rs1896312 (1.000); rs10850409 (1.000)
lead1_level4_energy.glm.linear,rs1107179,3,rs4842939 (1.000); rs11633181 (1.000); rs1107179 (1.000)
lead1_level4_energy.glm.linear,rs12906247,2,rs12904682 (0.793); rs4842939 (1.000); rs11633181 (1.000)
lead1_level4_energy.glm.linear,rs13386459,3,Affx-19148793 (1.000); rs11685912 (1.000); rs59332477 (1.000)
lead1_level4_energy.glm.linear,rs1566643,3,rs11067246 (1.000); rs1896312 (1.000); rs10850409 (1.000)
lead1_level4_energy.glm.linear,rs2042995,5,rs7585334 (1.000); rs2291310 (1.000); rs7604033 (1.000); rs2291311 (1.000); rs2291312 (1.000)
lead1_level4_energy.glm.linear,rs2374381,0,rs4952542 (0.596)
lead1_level4_energy.glm.linear,rs262121,6,rs262121 (0.268); rs262129 (0.186); rs3748069 (0.177)
lead1_level4_energy.glm.linear,rs2926743,3,rs2950390 (1.000); rs2958154 (1.000); rs1800194 (1.000)
lead1_level4_energy.glm.linear,rs4713996,4,rs9470361 (0.963); rs4713996 (1.000); Affx-28561763 (1.000); rs2395655 (1.000)
lead1_level4_energy.glm.linear,rs61732533,2,rs61732533 (0.832)
lead1_level4_energy.glm.linear,rs6561323,0,rs9526222 (0.524)
lead1_level4_energy.glm.linear,rs6810325,2,rs2442804 (1.000); rs9874315 (1.000)
lead1_level5_energy.glm.linear,Affx-13925660,2,Affx-13925506 (1.000); Affx-92043049 (1.000)
lead1_level5_energy.glm.linear,Affx-13934460,3,rs183211 (0.993); rs199442 (1.000); rs199536 (1.000)
lead1_level5_energy.glm.linear,rs10850409,4,rs10850375 (1.000); rs35634211 (1.000); rs12318789 (1.000); rs116860533 (1.000)
lead1_level5_energy.glm.linear,rs11067246,4,rs10850375 (1.000); rs35634211 (1.000); rs12318789 (1.000); rs116860533 (1.000)
lead1_level5_energy.glm.linear,rs11073663,3,rs4842939 (1.000); rs11633181 (1.000); rs1107179 (1.000)
lead1_level5_energy.glm.linear,rs12188412,3,rs61551899 (1.000); rs6898804 (1.000); rs12188412 (1.000)
lead1_level5_energy.glm.linear,rs12542527,3,rs6992468 (1.000); rs12542527 (0.996); rs10110021 (1.000)
lead1_level5_energy.glm.linear,rs1566643,4,rs10850375 (1.000); rs35634211 (1.000); rs12318789 (1.000); rs116860533 (1.000)
lead1_level5_energy.glm.linear,rs2042995,5,rs7585334 (1.000); rs2291310 (1.000); rs7604033 (1.000); rs2291311 (1.000); rs2291312 (1.000)
lead1_level5_energy.glm.linear,rs2298632,3,rs7514394 (1.000); rs10917431 (1.000); rs4649124 (1.000)
lead1_level5_energy.glm.linear,rs2374381,0,rs4952542 (0.772)
lead1_level5_energy.glm.linear,rs34050148,3,rs34050148 (0.668)
lead1_level5_energy.glm.linear,rs3748069,4,rs3748069 (0.487); rs7776375 (0.284); rs262121 (0.103)
lead1_level5_energy.glm.linear,rs61732533,2,rs61732533 (0.649)
lead1_level5_energy.glm.linear,rs6810325,2,rs2442804 (1.000); rs9874315 (1.000)
lead1_level5_energy.glm.linear,rs706606,2,rs1262775 (1.000); rs1638703 (1.000)
lead1_level6_approx_energy.glm.linear,Affx-9453681,2,rs1262775 (1.000); rs1638703 (1.000)
lead1_level6_approx_energy.glm.linear,rs11067246,4,rs10850365 (0.826); rs35789998 (1.000); rs74667501 (1.000); rs12318789 (0.998); rs10850409 (1.000)
lead1_level6_approx_energy.glm.linear,rs12188412,3,rs61551899 (1.000); rs6898804 (1.000); rs12188412 (1.000)
lead1_level6_approx_energy.glm.linear,rs2074238,1,rs2074238 (1.000)
lead1_level6_approx_energy.glm.linear,rs2298632,5,rs2235547 (1.000); rs1738475 (1.000); rs2298632 (0.993); rs716243 (0.989); rs11574 (1.000)
lead1_level6_approx_energy.glm.linear,rs34050148,1,rs10885375 (0.889); rs34050148 (0.957)
lead1_level6_approx_energy.glm.linear,rs3748069,5,rs3748069 (0.374); rs262121 (0.212); rs7776375 (0.202)
lead1_level6_approx_energy.glm.linear,rs687050,3,rs33973564 (1.000); rs612711 (1.000); rs640996 (1.000)
lead1_level6_approx_energy.glm.linear,rs728926,3,rs728926 (1.000); rs1570745 (1.000); rs9592965 (0.994)
lead1_level6_approx_energy.glm.linear,rs7629354,4,rs7629354 (0.555)
lead1_level6_energy.glm.linear,Affx-13930382,3,Affx-13925346 (1.000); Affx-13925506 (1.000); Affx-92043049 (1.000)
lead1_level6_energy.glm.linear,Affx-9453681,2,rs1262775 (1.000); rs1638703 (1.000)
lead1_level6_energy.glm.linear,rs10900864,4,rs1545036 (1.000); rs3172746 (1.000); rs11242459 (1.000); Affx-25714575 (1.000)
lead1_level6_energy.glm.linear,rs11067246,5,rs10850365 (0.960); rs35789998 (1.000); rs74667501 (1.000); rs73210608 (1.000); rs10850409 (1.000)
lead1_level6_energy.glm.linear,rs12188412,3,rs61551899 (1.000); rs6898804 (1.000); rs12188412 (1.000)
lead1_level6_energy.glm.linear,rs12542527,4,rs6992468 (0.980); rs12542527 (1.000); rs10110021 (1.000); rs4567058 (0.994)
lead1_level6_energy.glm.linear,rs1405210,5,rs654128 (1.000); rs339329 (1.000); rs1321364 (1.000); rs2498925 (0.996); rs1405210 (1.000)
lead1_level6_energy.glm.linear,rs145809511,5,rs199515 (1.000); rs1662576 (1.000); rs7342957 (1.000); rs7225428 (1.000); rs197919 (1.000)
lead1_level6_energy.glm.linear,rs1896312,5,rs10850365 (0.957); rs35789998 (1.000); rs74667501 (1.000); rs73210608 (1.000); rs10850409 (1.000)
lead1_level6_energy.glm.linear,rs2298632,5,rs2235547 (0.962); rs7514394 (1.000); rs7515969 (1.000); rs10917431 (1.000); rs4649124 (1.000)
lead1_level6_energy.glm.linear,rs34050148,5,rs7342028 (1.000); rs7915752 (1.000); rs17130052 (1.000); rs6585185 (1.000); rs118076713 (1.000)
lead1_level6_energy.glm.linear,rs3748069,5,rs3748069 (0.331); rs7776375 (0.274); rs262121 (0.218)
lead1_level6_energy.glm.linear,rs3798371,4,rs2498925 (1.000); rs1405210 (1.000); rs1166180 (0.892); rs72957407 (0.949); rs3798371 (0.998)
lead1_level6_energy.glm.linear,rs4074536,5,rs7551746 (1.000); rs10127797 (1.000); rs12144451 (1.000); rs9428225 (1.000); rs4074536 (1.000)
lead1_level6_energy.glm.linear,rs4466711,3,rs7097008 (1.000); rs7895833 (1.000); rs503677 (1.000)
lead1_level6_energy.glm.linear,rs5026246,2,Affx-13925506 (1.000); Affx-92043049 (1.000)
lead1_level6_energy.glm.linear,rs6810325,2,rs2442804 (1.000); rs9874315 (1.000)
lead1_level6_energy.glm.linear,rs687050,3,rs33973564 (1.000); rs612711 (1.000); rs640996 (1.000)
lead1_level6_energy.glm.linear,rs77961995,4,rs29783 (1.000); rs255318 (1.000); rs77961995 (0.991); rs2216553 (1.000); rs12514746 (0.530)
lead2_level3_energy.glm.linear,rs10850409,2,rs1896312 (1.000); rs10850409 (1.000)
lead2_level3_energy.glm.linear,rs11153730,0,rs9387565 (0.386); rs9387535 (0.118); rs11153730 (0.046)
lead2_level3_energy.glm.linear,rs11857366,4,rs56190996 (1.000); rs4966013 (1.000); rs11857366 (1.000); rs907808 (1.000)
lead2_level3_energy.glm.linear,rs2234962,4,rs2917928 (1.000); rs10749324 (1.000); rs4751742 (1.000); rs12569630 (1.000)
lead2_level3_energy.glm.linear,rs306206,3,rs11633181 (0.977); rs1107179 (1.000); rs306206 (0.960)
lead2_level3_energy.glm.linear,rs762624,4,rs9470361 (0.985); rs4713996 (1.000); Affx-28561763 (1.000); rs2395655 (1.000)
lead2_level3_energy.glm.linear,rs9850919,5,rs1290788 (1.000); rs17485501 (1.000); rs1918974 (1.000); rs9850919 (1.000); rs7613621 (1.000)
lead2_level4_energy.glm.linear,Affx-13928731,4,Affx-13925506 (1.000); Affx-92043049 (1.000); Affx-92045443 (1.000); Affx-92045444 (1.000)
lead2_level4_energy.glm.linear,rs10850409,5,rs2384550 (1.000); rs2195097 (1.000); rs12318789 (1.000); rs73210608 (1.000); rs4994122 (1.000)
lead2_level4_energy.glm.linear,rs11067246,5,rs2195097 (1.000); rs12318789 (1.000); rs73210608 (1.000); rs58269708 (1.000); rs78525245 (1.000)
lead2_level4_energy.glm.linear,rs12902672,3,rs4842939 (1.000); rs11633181 (1.000); rs1107179 (1.000)
lead2_level4_energy.glm.linear,rs2288323,5,rs7585334 (1.000); rs2291310 (1.000); rs7604033 (1.000); rs2291311 (1.000); rs2291312 (1.000)
lead2_level4_energy.glm.linear,rs306206,1,rs1107179 (0.985)
lead2_level4_energy.glm.linear,rs57701885,2,rs57701885 (0.608)
lead2_level4_energy.glm.linear,rs6726147,1,rs2371573 (0.972); rs12694279 (0.714); rs6726147 (0.768)
lead2_level4_energy.glm.linear,rs6784842,3,rs9681668 (0.505)
lead2_level4_energy.glm.linear,rs77188861,1,rs77188861 (1.000)
lead2_level4_energy.glm.linear,rs8327,4,Affx-13924541 (1.000); Affx-13924674 (1.000); Affx-13925506 (1.000); Affx-92043049 (1.000)
lead2_level4_energy.glm.linear,rs883894,5,rs7585334 (1.000); rs2291310 (1.000); rs7604033 (1.000); rs2291311 (1.000); rs2291312 (1.000)
lead2_level5_energy.glm.linear,Affx-13930382,2,Affx-13925506 (1.000); Affx-92043049 (1.000)
lead2_level5_energy.glm.linear,Affx-79512291,5,rs199442 (1.000); rs199536 (1.000); rs199533 (1.000); rs199530 (1.000); rs199509 (1.000)
lead2_level5_energy.glm.linear,rs10850409,5,rs2384550 (1.000); rs2195097 (1.000); rs12318789 (1.000); rs73210608 (1.000); rs4994122 (1.000)
lead2_level5_energy.glm.linear,rs11067246,5,rs2384550 (1.000); rs2195097 (1.000); rs12318789 (1.000); rs73210608 (1.000); rs4994122 (1.000)
lead2_level5_energy.glm.linear,rs13061708,3,rs13061708 (0.572)
lead2_level5_energy.glm.linear,rs1883085,4,rs7585334 (1.000); rs2291310 (1.000); rs2291311 (1.000); rs2291312 (1.000)
lead2_level5_energy.glm.linear,rs3803403,1,rs1107179 (0.975)
lead2_level5_energy.glm.linear,rs3823183,0,rs3823183 (0.234); rs10484325 (0.197); rs72825089 (0.140)
lead2_level5_energy.glm.linear,rs5026246,4,Affx-13924541 (1.000); Affx-13924674 (1.000); Affx-13925506 (1.000); Affx-92043049 (1.000)
lead2_level5_energy.glm.linear,rs55896578,2,rs72728427 (1.000); rs1859643 (1.000)
lead2_level5_energy.glm.linear,rs77188861,1,rs77188861 (0.999)
lead2_level5_energy.glm.linear,rs883894,4,rs7585334 (1.000); rs2291310 (1.000); rs2291311 (1.000); rs2291312 (1.000)
lead2_level6_approx_energy.glm.linear,Affx-13928731,2,Affx-13925506 (1.000); Affx-92043049 (1.000)
lead2_level6_approx_energy.glm.linear,Affx-52364873,4,rs6599238 (1.000); rs6599240 (0.769); rs6801957 (0.711); Affx-52364873 (0.999)
lead2_level6_approx_energy.glm.linear,rs11067246,3,rs11067246 (0.994); rs1896312 (1.000); rs10850409 (1.000)
lead2_level6_approx_energy.glm.linear,rs116015634,3,rs12073537 (1.000); rs823673 (1.000); rs116015634 (0.968)
lead2_level6_approx_energy.glm.linear,rs116544863,1,rs116544863 (0.989)
lead2_level6_approx_energy.glm.linear,rs12923640,2,rs6498222 (1.000); rs12918651 (1.000)
lead2_level6_approx_energy.glm.linear,rs13061708,0,rs7429135 (0.198); rs13061708 (0.143); rs73175579 (0.111)
lead2_level6_approx_energy.glm.linear,rs883894,5,rs7585334 (1.000); rs2291310 (1.000); rs7604033 (1.000); rs2291311 (1.000); rs2291312 (1.000)
lead2_level6_energy.glm.linear,Affx-79512291,5,rs199442 (1.000); rs199536 (1.000); rs199533 (1.000); rs199530 (1.000); rs199509 (1.000)
lead2_level6_energy.glm.linear,Affx-92039435,4,Affx-13924674 (1.000); Affx-92045303 (1.000); Affx-13925506 (1.000); Affx-92043049 (1.000)
lead2_level6_energy.glm.linear,Affx-92043101,4,Affx-13924674 (1.000); Affx-92045303 (1.000); Affx-13925506 (1.000); Affx-92043049 (1.000)
lead2_level6_energy.glm.linear,Affx-9453681,3,rs2066615 (0.692); Affx-9453681 (1.000); rs2765768 (0.995); rs706606 (1.000)
lead2_level6_energy.glm.linear,rs10850409,5,rs11067228 (1.000); rs484443 (1.000); rs11067246 (1.000); rs2384550 (1.000); rs4994122 (1.000)
lead2_level6_energy.glm.linear,rs11067228,5,rs11067228 (1.000); rs484443 (1.000); rs11067246 (1.000); rs2384550 (1.000); rs4994122 (1.000)
lead2_level6_energy.glm.linear,rs11067246,5,rs11067246 (1.000); rs2384550 (1.000); rs4994122 (1.000); rs11067345 (1.000); rs2195096 (1.000)
lead2_level6_energy.glm.linear,rs11784175,3,rs10505438 (0.984); rs11784192 (0.772)
lead2_level6_energy.glm.linear,rs13061708,0,rs7429135 (0.390); rs6804935 (0.077); rs13061708 (0.062)
lead2_level6_energy.glm.linear,rs2271322,0,rs2271322 (0.328); rs354209 (0.112); rs4672003 (0.070)
lead2_level6_energy.glm.linear,rs2742347,5,rs7585334 (1.000); rs2291310 (1.000); rs7604033 (1.000); rs2291311 (1.000); rs2291312 (1.000)
lead2_level6_energy.glm.linear,rs3750733,2,rs1411924 (0.998); rs3750733 (1.000); rs2776944 (0.893)
lead2_level6_energy.glm.linear,rs3803403,0,rs1107179 (0.631)
lead2_level6_energy.glm.linear,rs6489995,5,rs11067228 (1.000); rs484443 (1.000); rs11067246 (1.000); rs2384550 (1.000); rs4994122 (1.000)
lead2_level6_energy.glm.linear,rs668477,0,rs12967102 (0.410); rs668477 (0.223); rs12454748 (0.206)
lead2_level6_energy.glm.linear,rs72711231,3,rs10505438 (0.984); rs11784192 (0.772)
lead2_level6_energy.glm.linear,rs77188861,3,rs2455144 (0.996); rs6670328 (0.922); rs77188861 (0.999)
lead2_level6_energy.glm.linear,rs883894,5,rs7585334 (1.000); rs2291310 (1.000); rs7604033 (1.000); rs2291311 (1.000); rs2291312 (1.000)
lead3_level1_energy.glm.linear,rs12055433,1,rs12055433 (1.000)
lead3_level3_energy.glm.linear,rs11073663,3,rs4842939 (1.000); rs11633181 (1.000); rs1107179 (0.999)
lead3_level3_energy.glm.linear,rs11153730,0,rs9387565 (0.249); rs9387540 (0.184); rs284921 (0.136)
lead3_level3_energy.glm.linear,rs2234962,4,rs2917928 (1.000); rs10749324 (1.000); rs4751742 (1.000); rs12569630 (1.000)
lead3_level3_energy.glm.linear,rs34940894,5,rs7585334 (1.000); rs2291310 (1.000); rs7604033 (1.000); rs2291311 (1.000); rs2291312 (1.000)
lead3_level3_energy.glm.linear,rs950169,3,rs4842939 (1.000); rs11633181 (1.000); rs1107179 (1.000)
lead3_level4_energy.glm.linear,Affx-18566111,5,rs2627037 (1.000); rs7585334 (1.000); rs2291310 (1.000); rs7604033 (1.000); rs2291312 (1.000)
lead3_level4_energy.glm.linear,rs11073663,3,rs4842939 (1.000); rs11633181 (1.000); rs1107179 (0.999)
lead3_level4_energy.glm.linear,rs1405210,4,rs654128 (1.000); rs339329 (1.000); rs1321364 (1.000); rs1405210 (0.978)
lead3_level4_energy.glm.linear,rs34940894,5,rs2627037 (1.000); rs7585334 (1.000); rs2291310 (1.000); rs7604033 (1.000); rs2291312 (1.000)
lead3_level4_energy.glm.linear,rs950169,3,rs4842939 (1.000); rs11633181 (1.000); rs1107179 (1.000)
lead3_level5_energy.glm.linear,Affx-18566111,5,rs2627037 (1.000); rs7585334 (1.000); rs2291310 (1.000); rs7604033 (1.000); rs2291312 (1.000)
lead3_level5_energy.glm.linear,rs1405210,3,rs654128 (1.000); rs339329 (1.000); rs1321364 (1.000)
lead3_level5_energy.glm.linear,rs2008262,3,rs4842939 (1.000); rs11633181 (1.000); rs1107179 (0.999)
lead3_level5_energy.glm.linear,rs34940894,5,rs2627037 (1.000); rs7585334 (1.000); rs2291310 (1.000); rs7604033 (1.000); rs2291312 (1.000)
lead3_level6_approx_energy.glm.linear,rs1405210,4,rs654128 (1.000); rs339329 (1.000); rs1321364 (1.000); rs1405210 (1.000)
lead3_level6_approx_energy.glm.linear,rs34050148,3,rs34050148 (0.397); rs17130052 (0.354); Affx-2533062 (0.234)
lead3_level6_energy.glm.linear,rs1405210,4,rs654128 (1.000); rs339329 (1.000); rs1321364 (1.000); rs1405210 (0.997)
lead4_level3_energy.glm.linear,rs10850409,2,rs1896312 (1.000); rs10850409 (1.000)
lead4_level3_energy.glm.linear,rs11067246,2,rs1896312 (1.000); rs10850409 (1.000)
lead4_level3_energy.glm.linear,rs11153730,3,rs9387540 (1.000); rs62431217 (0.848)
lead4_level3_energy.glm.linear,rs17362588,5,rs7585334 (1.000); rs2291310 (1.000); rs7604033 (1.000); rs2291311 (1.000); rs2291312 (1.000)
lead4_level3_energy.glm.linear,rs2028004,5,rs35769760 (1.000); rs12311063 (1.000); rs7958683 (0.949); rs4766497 (1.000); rs11065719 (1.000)
lead4_level3_energy.glm.linear,rs2926743,2,rs2950390 (1.000); rs2958154 (1.000)
lead4_level3_energy.glm.linear,rs2932971,2,rs4522851 (1.000); rs619646 (1.000)
lead4_level3_energy.glm.linear,rs306206,0,rs1107179 (0.856)
lead4_level3_energy.glm.linear,rs3922844,3,rs171248 (1.000); rs183574 (1.000); rs149738 (1.000)
lead4_level3_energy.glm.linear,rs55742743,5,rs2627037 (1.000); rs2291310 (1.000); rs7604033 (1.000); rs2291311 (1.000); rs2291312 (1.000)
lead4_level3_energy.glm.linear,rs55824920,3,rs171248 (1.000); rs183574 (1.000); rs149738 (1.000)
lead4_level3_energy.glm.linear,rs6561321,0,rs9526222 (0.551)
lead4_level3_energy.glm.linear,rs6890391,4,rs29783 (1.000); rs255318 (1.000); rs77961995 (0.995); rs2216553 (1.000)
lead4_level3_energy.glm.linear,rs705708,5,rs2456973 (0.868); rs2292239 (1.000); rs705708 (1.000); rs11171747 (1.000)
lead4_level3_energy.glm.linear,rs762624,4,rs9470361 (0.994); rs4713996 (1.000); Affx-28561763 (1.000); rs2395655 (1.000)
lead4_level3_energy.glm.linear,rs950169,4,rs4842918 (0.930); rs12904682 (0.618); rs4842939 (1.000); rs11633181 (1.000); rs1107179 (1.000)
lead4_level4_energy.glm.linear,Affx-13930382,2,Affx-13925506 (1.000); Affx-92043049 (1.000)
lead4_level4_energy.glm.linear,rs10850409,3,rs12318789 (1.000); rs116860533 (1.000); rs4994122 (1.000)
lead4_level4_energy.glm.linear,rs11067246,5,rs117902264 (1.000); rs75722275 (1.000); rs12318789 (1.000); rs116860533 (1.000); rs4994122 (1.000)
lead4_level4_energy.glm.linear,rs12902672,3,rs4842939 (1.000); rs11633181 (1.000); rs1107179 (1.000)
lead4_level4_energy.glm.linear,rs13386459,3,Affx-19148793 (1.000); rs11685912 (1.000); rs59332477 (1.000)
lead4_level4_energy.glm.linear,rs1361108,5,rs12202204 (0.995)
lead4_level4_energy.glm.linear,rs17362588,5,rs7585334 (1.000); rs2291310 (1.000); rs7604033 (1.000); rs2291311 (1.000); rs2291312 (1.000)
lead4_level4_energy.glm.linear,rs1883085,5,rs7585334 (1.000); rs2291310 (1.000); rs7604033 (1.000); rs2291311 (1.000); rs2291312 (1.000)
lead4_level4_energy.glm.linear,rs199533,5,rs199442 (1.000); rs199536 (1.000); rs199533 (1.000); rs199530 (1.000); rs199515 (1.000)
lead4_level4_energy.glm.linear,rs2135157,3,rs2135157 (0.991); rs2371573 (0.982); rs12694279 (0.993)
lead4_level4_energy.glm.linear,rs2926743,2,rs2950390 (1.000); rs2958154 (1.000)
lead4_level4_energy.glm.linear,rs2932971,2,rs4522851 (1.000); rs619646 (1.000)
lead4_level4_energy.glm.linear,rs306206,1,rs11633181 (0.898); rs1107179 (1.000)
lead4_level4_energy.glm.linear,rs5030166,4,rs2450409 (0.550); rs201844 (1.000); rs7927900 (1.000)
lead4_level4_energy.glm.linear,rs6726147,3,rs2135157 (0.997); rs2371573 (0.992); rs12694279 (0.997); rs6726147 (0.555)
lead4_level4_energy.glm.linear,rs7591759,5,rs7585334 (1.000); rs2291310 (1.000); rs7604033 (1.000); rs2291311 (1.000); rs2291312 (1.000)
lead4_level4_energy.glm.linear,rs762624,4,rs9470361 (0.967); rs4713996 (1.000); Affx-28561763 (1.000); rs2395655 (1.000)
lead4_level4_energy.glm.linear,rs77961995,4,rs29783 (1.000); rs255318 (1.000); rs77961995 (0.994); rs2216553 (1.000)
lead4_level4_energy.glm.linear,rs9825233,4,rs2442804 (1.000); rs904464 (1.000); rs9874315 (1.000); rs9837573 (1.000)
lead4_level5_energy.glm.linear,Affx-13925660,2,Affx-13925506 (1.000); Affx-92043049 (1.000)
lead4_level5_energy.glm.linear,Affx-13934460,2,rs199442 (1.000); rs199536 (1.000)
lead4_level5_energy.glm.linear,Affx-9453681,3,Affx-9453681 (1.000); rs2765768 (1.000); rs706606 (1.000)
lead4_level5_energy.glm.linear,rs10505438,2,rs10505438 (1.000); rs11784192 (0.917)
lead4_level5_energy.glm.linear,rs10822099,0,rs10822099 (0.797)
lead4_level5_energy.glm.linear,rs10850409,2,rs35634211 (1.000); rs11067283 (1.000)
lead4_level5_energy.glm.linear,rs11031767,3,rs201873 (1.000); rs201844 (1.000); rs7927900 (1.000)
lead4_level5_energy.glm.linear,rs11067246,2,rs35634211 (1.000); rs11067283 (1.000)
lead4_level5_energy.glm.linear,rs13061708,2,rs13061708 (0.520)
lead4_level5_energy.glm.linear,rs13386459,3,rs7564856 (0.853); Affx-19148793 (1.000); rs11685912 (1.000); rs59332477 (1.000)
lead4_level5_energy.glm.linear,rs1566643,2,rs35634211 (1.000); rs11067283 (1.000)
lead4_level5_energy.glm.linear,rs17362588,5,rs7585334 (1.000); rs2291310 (1.000); rs7604033 (1.000); rs2291311 (1.000); rs2291312 (1.000)
lead4_level5_energy.glm.linear,rs17831429,3,rs6585015 (0.639); rs17831429 (0.917); rs4525160 (1.000); rs17764171 (1.000)
lead4_level5_energy.glm.linear,rs1883085,5,rs7585334 (1.000); rs2291310 (1.000); rs7604033 (1.000); rs2291311 (1.000); rs2291312 (1.000)
lead4_level5_energy.glm.linear,rs199529,2,rs8064557 (1.000); rs1630431 (1.000)
lead4_level5_energy.glm.linear,rs2200541,1,rs2200541 (0.967)
lead4_level5_energy.glm.linear,rs2298632,3,rs2235547 (1.000); rs6426786 (0.949); rs1738475 (1.000); rs2298632 (0.887); rs11574 (0.758)
lead4_level5_energy.glm.linear,rs2374381,4,Affx-52362409 (1.000); rs11675336 (0.788); rs28651764 (1.000)
lead4_level5_energy.glm.linear,rs2926743,2,rs2950390 (1.000); rs2958154 (1.000)
lead4_level5_energy.glm.linear,rs3183099,3,rs7564856 (0.866); Affx-19148793 (1.000); rs11685912 (1.000); rs59332477 (1.000)
lead4_level5_energy.glm.linear,rs3803405,1,rs1107179 (0.920)
lead4_level5_energy.glm.linear,rs4984806,5,rs17807841 (1.000); rs4984806 (1.000); rs78931180 (1.000); rs4984836 (0.999); rs35583599 (1.000)
lead4_level5_energy.glm.linear,rs6489995,2,rs35634211 (1.000); rs11067283 (1.000)
lead4_level5_energy.glm.linear,rs6726147,0,rs2135157 (0.843)
lead4_level5_energy.glm.linear,rs7028995,1,rs7028995 (0.983)
lead4_level5_energy.glm.linear,rs72837574,4,rs2169446 (1.000); rs8056064 (0.999); rs75546744 (1.000); rs11150507 (1.000)
lead4_level5_energy.glm.linear,rs7591759,5,rs7585334 (1.000); rs2291310 (1.000); rs7604033 (1.000); rs2291311 (1.000); rs2291312 (1.000)
lead4_level5_energy.glm.linear,rs77961995,4,rs29783 (0.973); rs255318 (1.000); rs77961995 (0.968); rs2216553 (1.000)
lead4_level5_energy.glm.linear,rs9825233,5,rs2442804 (1.000); rs904464 (1.000); rs9874315 (1.000); rs9837573 (1.000); rs9825233 (0.987)
lead4_level6_approx_energy.glm.linear,Affx-13925660,2,Affx-13925506 (1.000); Affx-92043049 (1.000)
lead4_level6_approx_energy.glm.linear,Affx-52364873,4,rs171248 (1.000); rs183574 (1.000); rs151608 (1.000); rs149738 (1.000)
lead4_level6_approx_energy.glm.linear,Affx-9453681,3,Affx-9453681 (1.000); rs2765768 (1.000); rs706606 (1.000); rs2812212 (0.765)
lead4_level6_approx_energy.glm.linear,rs10850409,6,rs35789998 (1.000); rs74667501 (1.000); rs1896312 (1.000); rs73210608 (0.833); rs10850409 (1.000)
lead4_level6_approx_energy.glm.linear,rs11067246,6,rs35789998 (1.000); rs74667501 (1.000); rs1896312 (1.000); rs73210608 (0.835); rs10850409 (1.000)
lead4_level6_approx_energy.glm.linear,rs116015634,1,rs116015634 (1.000)
lead4_level6_approx_energy.glm.linear,rs116202356,3,rs171248 (1.000); rs183574 (1.000); rs149738 (1.000)
lead4_level6_approx_energy.glm.linear,rs145809511,4,rs199442 (1.000); rs199536 (1.000); rs1662576 (1.000); rs7342957 (1.000)
lead4_level6_approx_energy.glm.linear,rs2074238,1,rs2074238 (1.000)
lead4_level6_approx_energy.glm.linear,rs2298632,5,rs2235547 (1.000); rs1738475 (1.000); rs2298632 (0.999); rs716243 (0.993); rs11574 (1.000)
lead4_level6_approx_energy.glm.linear,rs2926743,2,rs2950390 (1.000); rs2958154 (1.000)
lead4_level6_approx_energy.glm.linear,rs44410,3,rs10431808 (1.000); rs12148713 (1.000); rs7182574 (1.000)
lead4_level6_approx_energy.glm.linear,rs6752756,5,rs7585334 (1.000); rs2291310 (1.000); rs7604033 (1.000); rs2291311 (1.000); rs2291312 (1.000)
lead4_level6_approx_energy.glm.linear,rs687050,5,rs33973564 (1.000); rs612711 (1.000); rs640996 (1.000); rs9332417 (1.000); rs1655519 (1.000)
lead4_level6_approx_energy.glm.linear,rs728926,4,rs728926 (1.000); rs1570745 (1.000); rs9592965 (0.793); rs9530281 (1.000); rs77919370 (0.997)
lead4_level6_approx_energy.glm.linear,rs742036,3,rs17807841 (1.000); rs4984806 (1.000); rs78931180 (0.942)
lead4_level6_approx_energy.glm.linear,rs8049607,0,rs11648827 (0.542)
lead4_level6_approx_energy.glm.linear,rs883894,5,rs7585334 (1.000); rs2291310 (1.000); rs7604033 (1.000); rs2291311 (1.000); rs2291312 (1.000)
lead4_level6_approx_energy.glm.linear,rs9274569,4,rs9268978 (1.000); DRB5_9901 (1.000); DRB1_1501 (1.000); rs9270015 (1.000)
lead4_level6_energy.glm.linear,Affx-13930382,4,Affx-13924674 (1.000); Affx-13924687 (1.000); Affx-13925506 (1.000); Affx-92043049 (1.000)
lead4_level6_energy.glm.linear,Affx-9453681,5,Affx-9453681 (1.000); rs2765768 (1.000); rs706606 (1.000); rs1262775 (1.000); rs1638703 (1.000)
lead4_level6_energy.glm.linear,rs10505438,3,rs10505438 (1.000); rs11784192 (0.627)
lead4_level6_energy.glm.linear,rs10850409,2,rs35634211 (1.000); rs11067283 (1.000)
lead4_level6_energy.glm.linear,rs11067246,2,rs35634211 (1.000); rs11067283 (1.000)
lead4_level6_energy.glm.linear,rs13061708,1,rs7429135 (0.996); rs12639437 (0.671)
lead4_level6_energy.glm.linear,rs17831429,3,rs12764660 (0.542); rs10885030 (0.998); rs4525160 (1.000); rs17764171 (1.000)
lead4_level6_energy.glm.linear,rs1883085,5,rs7585334 (1.000); rs2291310 (1.000); rs7604033 (1.000); rs2291311 (1.000); rs2291312 (1.000)
lead4_level6_energy.glm.linear,rs199442,4,rs199442 (1.000); rs199536 (1.000); rs1662576 (1.000); rs7342957 (1.000)
lead4_level6_energy.glm.linear,rs2200541,1,rs2200541 (0.992)
lead4_level6_energy.glm.linear,rs2298632,5,rs2235547 (0.967); rs7514394 (1.000); rs7515969 (1.000); rs10917431 (1.000); rs4649124 (1.000)
lead4_level6_energy.glm.linear,rs2374381,3,rs4952542 (0.548); Affx-52362409 (1.000); rs11675336 (0.994); rs28651764 (1.000)
lead4_level6_energy.glm.linear,rs2926743,2,rs2950390 (1.000); rs2958154 (1.000)
lead4_level6_energy.glm.linear,rs3803405,0,rs1107179 (0.496); rs3743160 (0.052); rs2008262 (0.047)
lead4_level6_energy.glm.linear,rs4657175,5,rs2880058 (1.000); rs1415259 (0.695); rs1932933 (0.971); rs10918762 (0.993); rs4431825 (0.695)
lead4_level6_energy.glm.linear,rs5026246,5,Affx-92045287 (1.000); Affx-92045288 (1.000); Affx-13924447 (1.000); Affx-13925506 (1.000); Affx-92043049 (1.000)
lead4_level6_energy.glm.linear,rs5030166,4,Affx-52325322 (1.000); rs2450409 (1.000); rs271022 (1.000); rs7945593 (1.000)
lead4_level6_energy.glm.linear,rs6489995,2,rs35634211 (1.000); rs11067283 (1.000)
lead4_level6_energy.glm.linear,rs7028995,3,rs7039157 (1.000); rs17519205 (1.000); rs7028995 (0.996)
lead4_level6_energy.glm.linear,rs7591759,5,rs7585334 (1.000); rs2291310 (1.000); rs7604033 (1.000); rs2291311 (1.000); rs2291312 (1.000)
lead4_level6_energy.glm.linear,rs77961995,4,rs29783 (1.000); rs255318 (1.000); rs77961995 (0.993); rs2216553 (1.000)
lead4_level6_energy.glm.linear,rs9274569,3,rs9268978 (1.000); DRB5_9901 (1.000); DRB1_1501 (1.000)
lead4_level6_energy.glm.linear,rs9825233,2,rs2442804 (1.000); rs9874315 (1.000)
lead5_level3_energy.glm.linear,rs11637728,3,rs4842939 (1.000); rs11633181 (1.000); rs1107179 (1.000)
lead5_level3_energy.glm.linear,rs1324007,1,rs7982810 (0.734); rs2236592 (0.965)
lead5_level4_energy.glm.linear,rs6810325,2,rs2442804 (1.000); rs9874315 (1.000)
lead5_level5_energy.glm.linear,rs1405210,4,rs339329 (1.000); rs1321364 (1.000); rs2498925 (0.562); rs1405210 (1.000); rs3798371 (0.941)
lead5_level5_energy.glm.linear,rs17263178,2,rs4235197 (0.999); rs6812032 (1.000); rs17263178 (0.664)
lead5_level5_energy.glm.linear,rs2207790,0,rs2207790 (0.870)
lead5_level5_energy.glm.linear,rs2298632,4,rs7514394 (1.000); rs7515969 (1.000); rs10917431 (1.000); rs4649124 (1.000)
lead5_level5_energy.glm.linear,rs34050148,4,rs1926564 (1.000); rs12355831 (1.000); rs34050148 (0.814)
lead5_level5_energy.glm.linear,rs3798371,4,rs2498925 (0.997); rs1405210 (1.000); rs72957407 (0.991); rs3798371 (0.992)
lead5_level5_energy.glm.linear,rs4074536,5,rs7551746 (0.975); rs10127797 (1.000); rs12144451 (1.000); rs9428225 (1.000); rs4074536 (1.000)
lead5_level5_energy.glm.linear,rs6810325,2,rs2442804 (1.000); rs9874315 (1.000)
lead5_level6_approx_energy.glm.linear,rs1405210,4,rs654128 (1.000); rs339329 (1.000); rs1321364 (1.000); rs1405210 (0.972)
lead5_level6_approx_energy.glm.linear,rs34050148,1,rs34050148 (0.947)
lead5_level6_approx_energy.glm.linear,rs3798371,3,rs339329 (1.000); rs1321364 (1.000); rs1405210 (1.000); rs72957407 (0.512)
lead5_level6_energy.glm.linear,rs1405210,5,rs339329 (1.000); rs1321364 (1.000); rs2498925 (0.992); rs1405210 (1.000); rs72957407 (0.996)
lead5_level6_energy.glm.linear,rs17263178,2,rs4235197 (1.000); rs6812032 (1.000); rs17263178 (0.554)
lead5_level6_energy.glm.linear,rs2207790,1,rs2207790 (0.938)
lead5_level6_energy.glm.linear,rs2298632,4,rs7514394 (1.000); rs7515969 (1.000); rs10917431 (1.000); rs4649124 (1.000)
lead5_level6_energy.glm.linear,rs34050148,1,rs34050148 (0.950)
lead5_level6_energy.glm.linear,rs3798371,5,rs339329 (1.000); rs1321364 (1.000); rs2498925 (0.993); rs1405210 (1.000); rs72957407 (0.998)
lead5_level6_energy.glm.linear,rs4074536,5,rs7551746 (1.000); rs10127797 (1.000); rs12144451 (1.000); rs9428225 (1.000); rs4074536 (1.000)
lead5_level6_energy.glm.linear,rs6810325,2,rs2442804 (1.000); rs9874315 (1.000)
lead6_level2_energy.glm.linear,rs11153730,2,rs9387540 (1.000); rs62431217 (0.969)
lead6_level2_energy.glm.linear,rs2234962,4,rs2917928 (1.000); rs10749324 (1.000); rs4751742 (1.000); rs12569630 (1.000)
lead6_level3_energy.glm.linear,rs11153730,2,rs9387540 (1.000); rs62431217 (0.997)
lead6_level3_energy.glm.linear,rs2234962,5,rs2917928 (1.000); rs10749324 (1.000); rs4751742 (1.000); rs7075684 (1.000); rs12569630 (1.000)
lead6_level3_energy.glm.linear,rs306206,0,rs1107179 (0.281); rs11073663 (0.097); rs6496318 (0.095)
lead6_level3_energy.glm.linear,rs34940894,5,rs7585334 (1.000); rs2291310 (1.000); rs7604033 (1.000); rs2291311 (1.000); rs2291312 (1.000)
lead6_level4_energy.glm.linear,rs2234962,5,rs2917928 (1.000); rs10749324 (1.000); rs4751742 (1.000); rs7075684 (1.000); rs12569630 (1.000)
lead6_level4_energy.glm.linear,rs34940894,5,rs7585334 (1.000); rs2291310 (1.000); rs7604033 (1.000); rs2291311 (1.000); rs2291312 (1.000)
lead6_level4_energy.glm.linear,rs6496318,2,rs4842939 (1.000); rs11633181 (1.000); rs1107179 (0.773)
lead6_level5_energy.glm.linear,rs1280100,0,rs1280100 (0.675)
lead6_level5_energy.glm.linear,rs2234962,3,rs2917928 (1.000); rs10749324 (1.000); rs12569630 (1.000)
lead6_level5_energy.glm.linear,rs34940894,5,rs7585334 (1.000); rs2291310 (1.000); rs7604033 (1.000); rs2291311 (1.000); rs2291312 (1.000)
lead6_level6_approx_energy.glm.linear,rs2234962,3,rs2917928 (1.000); rs10749324 (1.000); rs12569630 (1.000)
lead6_level6_energy.glm.linear,rs13061708,3,rs7429135 (0.999); rs7646052 (1.000); rs1017501 (1.000)
lead6_level6_energy.glm.linear,rs77188861,1,rs77188861 (0.996)
lead7_level2_energy.glm.linear,rs1490384,0,rs1902258 (0.053); rs2746187 (0.051); rs146477102 (0.046)
lead7_level2_energy.glm.linear,rs6496318,0,rs9806618 (0.630); rs1107179 (0.576)
lead7_level3_energy.glm.linear,rs11067246,4,rs11067246 (1.000); rs6489973 (1.000); rs1896312 (1.000); rs10850409 (1.000)
lead7_level3_energy.glm.linear,rs12904777,0,rs1107179 (0.478); rs6496318 (0.129); rs11073663 (0.087)
lead7_level3_energy.glm.linear,rs1490384,0,rs2746187 (0.295); rs1902258 (0.248); rs1490384 (0.211)
lead7_level3_energy.glm.linear,rs2234962,4,rs2917928 (1.000); rs10749324 (1.000); rs4751742 (1.000); rs12569630 (1.000)
lead7_level3_energy.glm.linear,rs251253,4,rs29783 (1.000); rs255318 (1.000); rs2879599 (0.753); rs77961995 (0.957); rs2216553 (1.000)
lead7_level3_energy.glm.linear,rs2729577,0,rs2729577 (0.015); rs742036 (0.014); rs34319385 (0.014)
lead7_level3_energy.glm.linear,rs35504893,5,rs7585334 (1.000); rs2291310 (1.000); rs7604033 (1.000); rs2291311 (1.000); rs2291312 (1.000)
lead7_level3_energy.glm.linear,rs55877020,4,rs29783 (1.000); rs255318 (1.000); rs2879599 (0.659); rs77961995 (0.956); rs2216553 (1.000)
lead7_level3_energy.glm.linear,rs6496318,0,rs1107179 (0.627)
lead7_level3_energy.glm.linear,rs7374138,2,rs3922844 (1.000); rs1805124 (1.000); rs6599230 (0.655); rs6599240 (0.564)
lead7_level3_energy.glm.linear,rs762624,5,rs9470361 (0.999); rs4713996 (1.000); Affx-28561763 (1.000); rs2395655 (1.000); rs6906101 (0.949)
lead7_level3_energy.glm.linear,rs9825233,5,rs2442804 (1.000); rs904464 (1.000); rs9874315 (1.000); rs9837573 (1.000); rs9825233 (0.973)
lead7_level4_energy.glm.linear,rs10850409,3,rs11067246 (1.000); rs1896312 (1.000); rs10850409 (1.000)
lead7_level4_energy.glm.linear,rs11067246,3,rs11067246 (1.000); rs1896312 (1.000); rs10850409 (1.000)
lead7_level4_energy.glm.linear,rs1490384,0,rs2746187 (0.261); rs1902258 (0.212); rs1490384 (0.206)
lead7_level4_energy.glm.linear,rs1883085,4,rs7585334 (1.000); rs2291310 (1.000); rs7604033 (1.000); rs2291312 (1.000)
lead7_level4_energy.glm.linear,rs251253,4,rs594140 (0.779); rs29783 (1.000); rs255318 (1.000); rs77961995 (0.998); rs2216553 (1.000)
lead7_level4_energy.glm.linear,rs2729577,0,rs111383796 (0.014); rs2266931 (0.014); rs2729577 (0.013)
lead7_level4_energy.glm.linear,rs55877020,4,rs594140 (0.724); rs29783 (1.000); rs255318 (1.000); rs77961995 (0.998); rs2216553 (1.000)
lead7_level4_energy.glm.linear,rs6496318,0,rs117836980 (0.226); rs6496318 (0.178); rs1107179 (0.166)
lead7_level4_energy.glm.linear,rs9825233,5,rs2442804 (1.000); rs904464 (1.000); rs9874315 (1.000); rs9837573 (1.000); rs9825233 (0.980)
lead7_level5_energy.glm.linear,rs11067246,4,rs11067246 (1.000); rs6489973 (1.000); rs1896312 (1.000); rs10850409 (1.000); rs10735086 (0.594)
lead7_level5_energy.glm.linear,rs13185595,4,rs13185595 (0.647); rs6882998 (1.000); rs13186258 (1.000)
lead7_level5_energy.glm.linear,rs1490384,0,rs1902258 (0.424); rs12202204 (0.126); rs11154343 (0.092)
lead7_level5_energy.glm.linear,rs2207790,2,rs2207790 (1.000); rs2257749 (0.985)
lead7_level5_energy.glm.linear,rs2298632,1,rs2298632 (0.966)
lead7_level5_energy.glm.linear,rs251253,4,rs29783 (1.000); rs2216553 (1.000); rs9284985 (1.000); rs254788 (1.000)
lead7_level5_energy.glm.linear,rs34050148,3,rs34050148 (0.806)
lead7_level5_energy.glm.linear,rs55877020,5,rs29783 (1.000); rs255318 (0.990); rs2216553 (1.000); rs9284985 (1.000); rs254788 (1.000)
lead7_level6_approx_energy.glm.linear,rs10054375,2,rs10054375 (0.552)
lead7_level6_approx_energy.glm.linear,rs1405210,3,rs2498925 (1.000); rs1405210 (1.000); rs72957407 (0.996)
lead7_level6_approx_energy.glm.linear,rs1490384,0,rs1902258 (0.274); rs12202204 (0.122); rs853964 (0.116)
lead7_level6_approx_energy.glm.linear,rs2207790,2,rs2207790 (1.000); rs2257749 (0.976)
lead7_level6_approx_energy.glm.linear,rs55877020,4,rs29783 (1.000); rs255318 (0.561); rs2216553 (1.000); rs9284985 (1.000); rs254788 (1.000)
lead7_level6_approx_energy.glm.linear,rs56087422,0,rs56087422 (0.872)
lead7_level6_energy.glm.linear,rs11067246,4,rs11067246 (1.000); rs6489973 (0.990); rs117409025 (1.000); rs10735086 (1.000)
lead7_level6_energy.glm.linear,rs1188298,2,rs7004456 (0.999); rs1188298 (1.000)
lead7_level6_energy.glm.linear,rs13185595,5,rs13185595 (0.578); rs13154131 (0.986); rs6882998 (1.000); rs13186258 (1.000)
lead7_level6_energy.glm.linear,rs1405210,2,rs2498925 (1.000); rs1405210 (1.000); rs72957407 (0.858)
lead7_level6_energy.glm.linear,rs1490384,2,rs1902258 (1.000); rs853964 (0.980)
lead7_level6_energy.glm.linear,rs2207790,2,rs2207790 (1.000); rs2257749 (0.996)
lead7_level6_energy.glm.linear,rs2298632,4,rs2298632 (0.772); rs7514394 (1.000); rs7515969 (1.000); rs10917431 (1.000); rs4649124 (1.000)
lead7_level6_energy.glm.linear,rs251253,4,rs594140 (0.683); rs29783 (1.000); rs255318 (1.000); rs77961995 (0.982); rs2216553 (1.000)
lead7_level6_energy.glm.linear,rs34050148,2,rs10885375 (0.838); rs34050148 (0.826)
lead7_level6_energy.glm.linear,rs3750733,2,rs1411924 (0.996); rs3750733 (1.000); rs2776944 (0.764)
lead7_level6_energy.glm.linear,rs55877020,4,rs594140 (0.684); rs29783 (1.000); rs255318 (1.000); rs77961995 (0.982); rs2216553 (1.000)
lead7_level6_energy.glm.linear,rs77188861,2,rs77188861 (0.610)
lead8_level1_energy.glm.linear,rs11073663,0,rs9806618 (0.773); rs1107179 (0.734)
lead8_level1_energy.glm.linear,rs34940894,2,rs34940894 (0.638)
lead8_level1_energy.glm.linear,rs380855,4,rs380855 (1.000); rs346089 (1.000); rs2454513 (1.000); rs2437685 (1.000)
lead8_level2_energy.glm.linear,rs11073663,4,rs9806618 (0.970); rs4842939 (1.000); rs11633181 (1.000); rs1107179 (0.998)
lead8_level2_energy.glm.linear,rs11857366,4,rs11857366 (1.000); rs907808 (1.000); rs8041224 (1.000); rs870306 (0.948)
lead8_level2_energy.glm.linear,rs12904777,0,rs1107179 (0.800)
lead8_level2_energy.glm.linear,rs2234962,4,rs2917928 (1.000); rs10749324 (1.000); rs4751742 (1.000); rs12569630 (1.000)
lead8_level2_energy.glm.linear,rs34940894,1,rs34940894 (0.904)
lead8_level3_energy.glm.linear,rs11970286,3,rs9387540 (1.000); rs65685 (1.000); rs284921 (1.000)
lead8_level3_energy.glm.linear,rs2234962,3,rs2917928 (1.000); rs10749324 (1.000); rs12569630 (1.000)
lead8_level3_energy.glm.linear,rs2303510,5,rs2848918 (1.000); rs499906 (1.000); rs563563 (1.000); rs2303510 (1.000); rs2303508 (1.000)
lead8_level3_energy.glm.linear,rs34940894,5,rs7585334 (1.000); rs2291310 (1.000); rs7604033 (1.000); rs2291311 (1.000); rs2291312 (1.000)
lead8_level3_energy.glm.linear,rs3803403,3,rs1107179 (0.916); rs117836980 (1.000); rs76911953 (1.000)
lead8_level4_energy.glm.linear,rs11073663,3,rs4842939 (1.000); rs11633181 (1.000); rs1107179 (0.988)
lead8_level5_energy.glm.linear,rs10054375,3,rs112084781 (0.999); rs2544880 (1.000); rs1974777 (1.000)
lead8_level5_energy.glm.linear,rs11073663,6,rs11073663 (0.630)
lead8_level5_energy.glm.linear,rs2207790,1,rs2207790 (0.995)
lead8_level5_energy.glm.linear,rs3750733,1,rs3750733 (1.000)
lead8_level6_approx_energy.glm.linear,rs10054375,2,rs10054375 (0.545)
lead8_level6_approx_energy.glm.linear,rs2207790,2,rs2207790 (1.000); rs2257749 (0.977)
lead8_level6_approx_energy.glm.linear,rs2606761,4,rs380855 (1.000); rs346089 (1.000); rs2454513 (1.000); rs2437685 (1.000)
lead8_level6_energy.glm.linear,rs10054375,2,rs10054375 (0.547)
lead8_level6_energy.glm.linear,rs2207790,1,rs2207790 (1.000); rs2257749 (0.821)
lead8_level6_energy.glm.linear,rs3750733,1,rs3750733 (1.000)
lead9_level2_energy.glm.linear,rs11153730,2,rs65685 (1.000); rs284921 (1.000)
lead9_level2_energy.glm.linear,rs11857366,3,rs11857366 (1.000); rs907808 (1.000); rs8041224 (1.000)
lead9_level2_energy.glm.linear,rs306206,1,rs1107179 (0.946)
lead9_level3_energy.glm.linear,Affx-2533062,3,Affx-2533062 (0.586)
lead9_level3_energy.glm.linear,rs11153730,3,rs3734381 (1.000); rs78787171 (1.000); rs62422230 (1.000)
lead9_level3_energy.glm.linear,rs11247866,3,rs3738450 (1.000); rs213629 (1.000); rs6698927 (0.969)
lead9_level3_energy.glm.linear,rs11637728,3,rs4842939 (1.000); rs11633181 (1.000); rs1107179 (1.000)
lead9_level3_energy.glm.linear,rs17287293,2,rs17287293 (0.619)
lead9_level3_energy.glm.linear,rs2207790,2,rs2207790 (0.996); rs2257749 (0.975)
lead9_level3_energy.glm.linear,rs2848918,5,rs2848918 (1.000); rs499906 (1.000); rs563563 (1.000); rs2303510 (1.000); rs2303508 (1.000)
lead9_level3_energy.glm.linear,rs3825214,3,rs3825214 (0.572)
lead9_level3_energy.glm.linear,rs55756479,4,rs373610 (1.000); rs1188710 (1.000); rs883748 (1.000); rs12035900 (1.000)
lead9_level3_energy.glm.linear,rs55770006,3,rs3734381 (1.000); rs78787171 (1.000); rs62422230 (1.000)
lead9_level4_energy.glm.linear,rs11153730,2,rs65685 (1.000); rs284921 (1.000)
lead9_level4_energy.glm.linear,rs11637728,3,rs4842939 (1.000); rs11633181 (1.000); rs1107179 (1.000)
lead9_level4_energy.glm.linear,rs17163588,3,rs3738450 (1.000); rs213629 (1.000); rs6698927 (0.980)
lead9_level4_energy.glm.linear,rs2303510,5,rs2848918 (1.000); rs499906 (1.000); rs563563 (1.000); rs2303510 (1.000); rs2303508 (1.000)
lead9_level5_energy.glm.linear,rs11708996,3,rs171248 (1.000); rs183574 (1.000); rs149738 (1.000)
lead9_level5_energy.glm.linear,rs12053903,3,rs171248 (1.000); rs183574 (1.000); rs149738 (1.000)
lead9_level5_energy.glm.linear,rs55824920,3,rs171248 (1.000); rs183574 (1.000); rs149738 (1.000)
lead9_level5_energy.glm.linear,rs58416181,3,rs4842939 (1.000); rs11633181 (1.000); rs1107179 (1.000)
lead9_level6_approx_energy.glm.linear,rs10850409,2,rs1896312 (1.000); rs10850409 (1.000)
lead9_level6_approx_energy.glm.linear,rs191397931,7,rs11708996 (0.742); rs6599238 (1.000); rs6599240 (0.997); rs6801957 (0.614); Affx-52364873 (0.615)
lead9_level6_approx_energy.glm.linear,rs56087422,0,rs56087422 (0.032); rs75429792 (0.025); rs1117524 (0.024)
lead9_level6_approx_energy.glm.linear,rs72671655,1,rs72671655 (0.999)
lead9_level6_energy.glm.linear,rs11708996,3,rs171248 (1.000); rs183574 (1.000); rs149738 (1.000)
